{"stats":{"minecraft:used":{"minecraft:stone_sword":7,"minecraft:bread":4,"minecraft:iron_pickaxe":2,"minecraft:spruce_planks":4,"minecraft:iron_sword":7,"supplementaries:candy":1,"minecraft:dirt":5,"minecraft:written_book":1},"minecraft:picked_up":{"minecraft:birch_log":3,"born_in_chaos_v1:shattered_skull":1,"quark:limestone_bricks":1,"minecraft:prismarine_shard":3,"supplementaries:candy":1,"quark:glass_item_frame":4,"minecraft:poisonous_potato":1,"minecraft:flint":2,"supplementaries:key":1,"minecraft:spruce_log":1,"minecraft:gunpowder":2,"minecraft:stripped_birch_log":1,"minecraft:dirt":7,"minecraft:moss_carpet":1,"minecraft:bone":2,"minecraft:rotten_flesh":3,"minecraft:wheat_seeds":1,"minecraft:written_book":1,"supplementaries:ash":1,"born_in_chaos_v1:rotten_fish":1,"minecraft:cod":1,"minecraft:iron_sword":1},"minecraft:crafted":{"minecraft:spruce_planks":1,"minecraft:air":4},"minecraft:custom":{"minecraft:time_since_rest":7564,"minecraft:interact_with_smithing_table":1,"minecraft:waystone_activated":1,"lootr:looted_stat":7,"minecraft:sprint_one_cm":13878,"minecraft:damage_taken":940,"minecraft:walk_one_cm":77851,"minecraft:mob_kills":3,"minecraft:damage_dealt":550,"minecraft:swim_one_cm":8454,"minecraft:fly_one_cm":36712,"minecraft:open_barrel":11,"minecraft:open_chest":1,"minecraft:crouch_one_cm":1614,"minecraft:play_time":26851,"tombstone:undead_killed":2,"minecraft:deaths":2,"minecraft:sneak_time":976,"minecraft:walk_under_water_one_cm":231,"minecraft:jump":200,"minecraft:leave_game":3,"minecraft:time_since_death":7537,"minecraft:walk_on_water_one_cm":395,"minecraft:total_world_time":26851,"minecraft:climb_one_cm":18384,"minecraft:fall_one_cm":11917},"minecraft:killed":{"born_in_chaos_v1:barrel_zombie":1,"minecraft:creeper":1,"born_in_chaos_v1:decrepit_skeleton":1},"minecraft:mined":{"minecraft:spruce_log":1,"realmrpg_skeletons:devastated_skeleton":1,"minecraft:grass_block":3,"minecraft:dirt":4},"minecraft:killed_by":{"quark:forgotten":1}},"DataVersion":3465}