{"stats":{"minecraft:used":{"minecraft:netherite_sword":232,"minecraft:iron_shovel":56,"minecraft:oak_planks":2,"minecraft:ender_pearl":1,"minecraft:sugar_cane":36,"minecraft:white_wool":275,"minecraft:golden_apple":1,"minecraft:sand":78,"minecraft:anvil":2,"minecraft:crafting_table":1,"minecraft:golden_shovel":32,"minecraft:ominous_trial_key":6,"minecraft:mace":29,"minecraft:wind_charge":8,"minecraft:iron_pickaxe":37,"minecraft:netherite_boots":1,"minecraft:vault":5,"minecraft:golden_carrot":2,"minecraft:emerald_block":89,"minecraft:ominous_bottle":1,"minecraft:cooked_beef":5,"minecraft:enchanted_golden_apple":25},"minecraft:picked_up":{"minecraft:netherite_boots":2,"minecraft:cooked_beef":11,"minecraft:ominous_bottle":131,"minecraft:golden_carrot":14,"minecraft:enchanted_book":3,"minecraft:music_disc_creator":6,"minecraft:oak_log":2,"minecraft:gunpowder":30,"minecraft:brick":23,"minecraft:wind_charge":59,"minecraft:netherite_leggings":2,"minecraft:string":2,"minecraft:flow_banner_pattern":5,"minecraft:iron_shovel":2,"minecraft:bone":35,"minecraft:netherite_sword":2,"minecraft:iron_ingot":3,"minecraft:enchanted_golden_apple":62,"minecraft:sugar_cane":36,"minecraft:oak_planks":4,"minecraft:scrape_pottery_sherd":1,"minecraft:sculk_catalyst":3,"minecraft:tipped_arrow":110,"minecraft:sandstone":37,"minecraft:emerald_block":3,"minecraft:sand":251,"minecraft:mace":2,"minecraft:rotten_flesh":17,"minecraft:cactus":6,"minecraft:arrow":132,"minecraft:diamond_chestplate":3,"minecraft:diamond":9,"minecraft:netherite_helmet":2,"minecraft:breeze_rod":10,"minecraft:golden_apple":1,"minecraft:golden_horse_armor":2,"minecraft:emerald":221,"minecraft:netherite_chestplate":2,"minecraft:baked_potato":9,"minecraft:vault":2,"minecraft:ominous_trial_key":130,"minecraft:white_wool":84},"minecraft:dropped":{"minecraft:vault":2,"minecraft:ominous_trial_key":1},"minecraft:killed":{"minecraft:zombie":18,"minecraft:stray":42,"minecraft:breeze":4,"minecraft:warden":2},"minecraft:custom":{"minecraft:interact_with_anvil":1,"minecraft:mob_kills":66,"minecraft:interact_with_crafting_table":2,"minecraft:open_barrel":3,"minecraft:leave_game":1,"minecraft:time_since_death":0,"minecraft:climb_one_cm":1099,"minecraft:damage_resisted":2398,"minecraft:time_since_rest":67,"minecraft:damage_taken":4247,"minecraft:sprint_one_cm":108152,"minecraft:walk_one_cm":271385,"minecraft:damage_absorbed":3694,"minecraft:drop":3,"minecraft:damage_dealt":29705,"minecraft:swim_one_cm":2587,"minecraft:fly_one_cm":627878,"minecraft:open_chest":28,"minecraft:crouch_one_cm":6659,"minecraft:play_time":103445,"minecraft:deaths":5,"minecraft:sneak_time":3597,"minecraft:walk_under_water_one_cm":5634,"minecraft:jump":1233,"minecraft:walk_on_water_one_cm":4517,"minecraft:total_world_time":103445,"minecraft:fall_one_cm":47996,"minecraft:inspect_dispenser":6},"minecraft:mined":{"minecraft:decorated_pot":8,"minecraft:sugar_cane":16,"minecraft:sandstone":37,"minecraft:cactus":2,"minecraft:fire":10,"minecraft:suspicious_sand":1,"minecraft:oak_log":2,"minecraft:sand":194,"minecraft:cobweb":2,"minecraft:white_wool":2},"minecraft:killed_by":{"minecraft:warden":3},"minecraft:crafted":{"minecraft:oak_planks":8,"minecraft:crafting_table":1,"minecraft:mace":1,"minecraft:stick":4,"minecraft:iron_pickaxe":1,"minecraft:iron_shovel":1},"minecraft:broken":{"minecraft:netherite_helmet":1,"minecraft:golden_shovel":1,"minecraft:netherite_leggings":1,"minecraft:netherite_boots":1}},"DataVersion":3953}